batch,acc,data
0,0.70000000,0
1,0.76666667,32
245,0.76666667,64
301,0.76666667,96
306,0.76666667,128
307,0.76666667,160
309,0.76666667,192
322,0.76666667,224
323,0.76666667,256
426,0.76666667,288
432,0.76666667,320
436,0.76666667,352
747,0.76666667,384
748,0.76666667,416
788,0.76666667,448
792,0.76666667,480
795,0.76666667,512
811,0.76666667,544
816,0.76666667,576
818,0.76666667,608
