batch,acc,data,epoch
0,0.70000000,0,0
5,0.73333333,8,0
166,0.76666667,16,0
