batch,acc,data
0,0.66666667,0
29,0.70000000,8
30,0.73333333,16
