batch,acc,data
0,0.73333333,0
7,0.76666667,16
