batch,acc,data
0,0.66666667,0
1,0.73333333,8
13,0.76666667,16
18,0.80000000,24
720,0.80000000,32
722,0.80000000,40
724,0.80000000,48
742,0.80000000,56
743,0.80000000,64
769,0.80000000,72
821,0.80000000,80
822,0.80000000,88
823,0.80000000,96
824,0.80000000,104
841,0.80000000,112
877,0.80000000,120
924,0.80000000,128
925,0.80000000,136
