batch,acc,data,epoch
0,0.66666667,0,0
23,0.70000000,8,0
687,0.70000000,16,1
692,0.70000000,24,1
