batch,acc,data
0,0.70000000,0
4,0.73333333,8
168,0.76666667,16
