batch,acc,data
0,0.63333333,0
1,0.70000000,8
2,0.73333333,16
29,0.76666667,24
