batch,acc,data
0,0.73333333,0
4,0.76666667,4
51,0.80000000,8
453,0.83333333,12
1929,0.83333333,16
1950,0.83333333,20
1954,0.83333333,24
1970,0.83333333,28
1976,0.83333333,32
