batch,acc,data
0,0.63333333,0
7,0.66666667,8
10,0.73333333,16
836,0.73333333,24
838,0.73333333,32
845,0.73333333,40
852,0.73333333,48
893,0.73333333,56
908,0.73333333,64
913,0.73333333,72
918,0.73333333,80
925,0.73333333,88
926,0.76666667,96
929,0.76666667,104
933,0.76666667,112
939,0.76666667,120
1046,0.76666667,128
