batch,acc,data
0,0.66666667,0
1,0.70000000,8
2,0.73333333,16
9,0.76666667,24
2926,0.76666667,32
