batch,acc,data
0,0.70000000,0
1,0.73333333,8
567,0.76666667,16
