batch,acc,data,epoch
0,0.70000000,0,0
18,0.73333333,8,0
22,0.76666667,16,0
73,0.80000000,24,0
697,0.80000000,32,1
834,0.80000000,40,1
855,0.80000000,48,1
999,0.80000000,56,1
1013,0.80000000,64,1
1017,0.80000000,72,1
2358,0.80000000,80,1
2488,0.83333333,88,1
3548,0.83333333,96,2
5781,0.83333333,104,3
