batch,acc,data
0,0.66666667,0
1,0.73333333,8
13,0.76666667,16
16,0.80000000,24
720,0.80000000,32
724,0.80000000,40
725,0.80000000,48
758,0.80000000,56
1317,0.80000000,64
1330,0.80000000,72
