mwka,sample-acc,haming-loss,one-loss,instance-f1
CDN_J48_32,0.73333333,0.13333333333333333,0.5333333333333333,0.6955555555555556
