mwka,sample-acc,haming-loss,one-loss,instance-f1
DREBIN,0.83333333,0.12222222222222222,0.5,0.7422222222222223
